#ANLAGE_ID;LAGE_LATITUDE;LAGE_LONGITUDE;STELLPLATZ;GEBUEHR;GROESSE;BARRIEREFREI;ANZAHL_WOHNWAGEN;ANZAHL_PKW;VERFUEGBARE_FUNKTIONEN_IDS;FOTO_IDS;DUMMY_DATA
5;49.01734750933978;8.340875784942096;W101;15;42.3;true;2;4;4;1;1;NULL
6;49.01512454623676;8.34246372525214;W102;15;42.3;true;2;4;4;1;1;NULL
7;49.01072121984857;8.332835090172065;W103;15;42.3;true;2;4;4;1;1;NULL
8;49.010514374489475;8.325844780797413;W104;15;42.3;false;2;4;4;1;1;NULL
9;49.01049605333814;8.325959696148475;W105;15;42.3;false;2;4;4;1;1;NULL
10;49.01334024593986;8.403710631383214;N201;30;100.42;false;4;8;10;0,1;1;NULL
11;49.01392803066173;8.404452969534654;N202;30;100.42;true;4;8;10;0,1;1;NULL
12;49.01327778339503;8.40505123549283;N203;30;100.42;true;4;8;10;0,1;1;NULL